horizon_weeks,decision_week,design,design_label,future_failure_events,captured,missed_failure_weeks,recall_at_15,precision_at_15,total_cost
1,2025-08-11,A_current_success,A. Current success only,30,13,17,0.43333333333333335,0.8666666666666667,15900
1,2025-08-11,B_success_deterioration,B. Success + deterioration,30,13,17,0.43333333333333335,0.8666666666666667,15900
1,2025-08-11,C_current_production,C. Current production score,30,13,17,0.43333333333333335,0.8666666666666667,15900
1,2025-08-18,A_current_success,A. Current success only,31,13,18,0.41935483870967744,0.8666666666666667,16500
1,2025-08-18,B_success_deterioration,B. Success + deterioration,31,13,18,0.41935483870967744,0.8666666666666667,16500
1,2025-08-18,C_current_production,C. Current production score,31,13,18,0.41935483870967744,0.8666666666666667,16500
1,2025-08-25,A_current_success,A. Current success only,28,11,17,0.39285714285714285,0.7333333333333333,15900
1,2025-08-25,B_success_deterioration,B. Success + deterioration,28,7,21,0.25,0.4666666666666667,18300
1,2025-08-25,C_current_production,C. Current production score,28,8,20,0.2857142857142857,0.5333333333333333,17700
1,2025-09-01,A_current_success,A. Current success only,21,6,15,0.2857142857142857,0.4,14700
1,2025-09-01,B_success_deterioration,B. Success + deterioration,21,10,11,0.47619047619047616,0.6666666666666666,12300
1,2025-09-01,C_current_production,C. Current production score,21,10,11,0.47619047619047616,0.6666666666666666,12300
1,2025-09-08,A_current_success,A. Current success only,27,9,18,0.3333333333333333,0.6,16500
1,2025-09-08,B_success_deterioration,B. Success + deterioration,27,12,15,0.4444444444444444,0.8,14700
1,2025-09-08,C_current_production,C. Current production score,27,13,14,0.48148148148148145,0.8666666666666667,14100
1,2025-09-15,A_current_success,A. Current success only,28,12,16,0.42857142857142855,0.8,15300
1,2025-09-15,B_success_deterioration,B. Success + deterioration,28,13,15,0.4642857142857143,0.8666666666666667,14700
1,2025-09-15,C_current_production,C. Current production score,28,13,15,0.4642857142857143,0.8666666666666667,14700
1,2025-09-22,A_current_success,A. Current success only,27,10,17,0.37037037037037035,0.6666666666666666,15900
1,2025-09-22,B_success_deterioration,B. Success + deterioration,27,11,16,0.4074074074074074,0.7333333333333333,15300
1,2025-09-22,C_current_production,C. Current production score,27,11,16,0.4074074074074074,0.7333333333333333,15300
1,2025-09-29,A_current_success,A. Current success only,25,10,15,0.4,0.6666666666666666,14700
1,2025-09-29,B_success_deterioration,B. Success + deterioration,25,13,12,0.52,0.8666666666666667,12900
1,2025-09-29,C_current_production,C. Current production score,25,12,13,0.48,0.8,13500
1,2025-10-06,A_current_success,A. Current success only,27,14,13,0.5185185185185185,0.9333333333333333,13500
1,2025-10-06,B_success_deterioration,B. Success + deterioration,27,13,14,0.48148148148148145,0.8666666666666667,14100
1,2025-10-06,C_current_production,C. Current production score,27,13,14,0.48148148148148145,0.8666666666666667,14100
1,2025-10-13,A_current_success,A. Current success only,33,13,20,0.3939393939393939,0.8666666666666667,17700
1,2025-10-13,B_success_deterioration,B. Success + deterioration,33,14,19,0.42424242424242425,0.9333333333333333,17100
1,2025-10-13,C_current_production,C. Current production score,33,14,19,0.42424242424242425,0.9333333333333333,17100
1,2025-10-20,A_current_success,A. Current success only,33,12,21,0.36363636363636365,0.8,18300
1,2025-10-20,B_success_deterioration,B. Success + deterioration,33,13,20,0.3939393939393939,0.8666666666666667,17700
1,2025-10-20,C_current_production,C. Current production score,33,13,20,0.3939393939393939,0.8666666666666667,17700
1,2025-10-27,A_current_success,A. Current success only,37,14,23,0.3783783783783784,0.9333333333333333,19500
1,2025-10-27,B_success_deterioration,B. Success + deterioration,37,13,24,0.35135135135135137,0.8666666666666667,20100
1,2025-10-27,C_current_production,C. Current production score,37,13,24,0.35135135135135137,0.8666666666666667,20100
1,2025-11-03,A_current_success,A. Current success only,40,15,25,0.375,1.0,20700
1,2025-11-03,B_success_deterioration,B. Success + deterioration,40,13,27,0.325,0.8666666666666667,21900
1,2025-11-03,C_current_production,C. Current production score,40,15,25,0.375,1.0,20700
1,2025-11-10,A_current_success,A. Current success only,40,14,26,0.35,0.9333333333333333,21300
1,2025-11-10,B_success_deterioration,B. Success + deterioration,40,14,26,0.35,0.9333333333333333,21300
1,2025-11-10,C_current_production,C. Current production score,40,13,27,0.325,0.8666666666666667,21900
1,2025-11-17,A_current_success,A. Current success only,34,10,24,0.29411764705882354,0.6666666666666666,20100
1,2025-11-17,B_success_deterioration,B. Success + deterioration,34,13,21,0.38235294117647056,0.8666666666666667,18300
1,2025-11-17,C_current_production,C. Current production score,34,13,21,0.38235294117647056,0.8666666666666667,18300
1,2025-11-24,A_current_success,A. Current success only,29,13,16,0.4482758620689655,0.8666666666666667,15300
1,2025-11-24,B_success_deterioration,B. Success + deterioration,29,14,15,0.4827586206896552,0.9333333333333333,14700
1,2025-11-24,C_current_production,C. Current production score,29,14,15,0.4827586206896552,0.9333333333333333,14700
1,2025-12-01,A_current_success,A. Current success only,31,10,21,0.3225806451612903,0.6666666666666666,18300
1,2025-12-01,B_success_deterioration,B. Success + deterioration,31,12,19,0.3870967741935484,0.8,17100
1,2025-12-01,C_current_production,C. Current production score,31,12,19,0.3870967741935484,0.8,17100
1,2025-12-08,A_current_success,A. Current success only,34,12,22,0.35294117647058826,0.8,18900
1,2025-12-08,B_success_deterioration,B. Success + deterioration,34,12,22,0.35294117647058826,0.8,18900
1,2025-12-08,C_current_production,C. Current production score,34,12,22,0.35294117647058826,0.8,18900
1,2025-12-15,A_current_success,A. Current success only,30,11,19,0.36666666666666664,0.7333333333333333,17100
1,2025-12-15,B_success_deterioration,B. Success + deterioration,30,12,18,0.4,0.8,16500
1,2025-12-15,C_current_production,C. Current production score,30,11,19,0.36666666666666664,0.7333333333333333,17100
1,2025-12-22,A_current_success,A. Current success only,30,11,19,0.36666666666666664,0.7333333333333333,17100
1,2025-12-22,B_success_deterioration,B. Success + deterioration,30,13,17,0.43333333333333335,0.8666666666666667,15900
1,2025-12-22,C_current_production,C. Current production score,30,12,18,0.4,0.8,16500
1,2025-12-29,A_current_success,A. Current success only,29,13,16,0.4482758620689655,0.8666666666666667,15300
1,2025-12-29,B_success_deterioration,B. Success + deterioration,29,13,16,0.4482758620689655,0.8666666666666667,15300
1,2025-12-29,C_current_production,C. Current production score,29,13,16,0.4482758620689655,0.8666666666666667,15300
1,2026-01-05,A_current_success,A. Current success only,30,15,15,0.5,1.0,14700
1,2026-01-05,B_success_deterioration,B. Success + deterioration,30,11,19,0.36666666666666664,0.7333333333333333,17100
1,2026-01-05,C_current_production,C. Current production score,30,12,18,0.4,0.8,16500
1,2026-01-12,A_current_success,A. Current success only,28,14,14,0.5,0.9333333333333333,14100
1,2026-01-12,B_success_deterioration,B. Success + deterioration,28,14,14,0.5,0.9333333333333333,14100
1,2026-01-12,C_current_production,C. Current production score,28,15,13,0.5357142857142857,1.0,13500
1,2026-01-19,A_current_success,A. Current success only,26,15,11,0.5769230769230769,1.0,12300
1,2026-01-19,B_success_deterioration,B. Success + deterioration,26,8,18,0.3076923076923077,0.5333333333333333,16500
1,2026-01-19,C_current_production,C. Current production score,26,9,17,0.34615384615384615,0.6,15900
2,2025-08-11,A_current_success,A. Current success only,61,24,37,0.39344262295081966,0.8,27900
2,2025-08-11,B_success_deterioration,B. Success + deterioration,61,24,37,0.39344262295081966,0.8,27900
2,2025-08-11,C_current_production,C. Current production score,61,25,36,0.4098360655737705,0.8333333333333334,27300
2,2025-08-18,A_current_success,A. Current success only,59,22,37,0.3728813559322034,0.7333333333333333,27900
2,2025-08-18,B_success_deterioration,B. Success + deterioration,59,22,37,0.3728813559322034,0.7333333333333333,27900
2,2025-08-18,C_current_production,C. Current production score,59,22,37,0.3728813559322034,0.7333333333333333,27900
2,2025-08-25,A_current_success,A. Current success only,49,16,33,0.32653061224489793,0.5333333333333333,25500
2,2025-08-25,B_success_deterioration,B. Success + deterioration,49,11,38,0.22448979591836735,0.36666666666666664,28500
2,2025-08-25,C_current_production,C. Current production score,49,12,37,0.24489795918367346,0.4,27900
2,2025-09-01,A_current_success,A. Current success only,48,10,38,0.20833333333333334,0.3333333333333333,28500
2,2025-09-01,B_success_deterioration,B. Success + deterioration,48,19,29,0.3958333333333333,0.6333333333333333,23100
2,2025-09-01,C_current_production,C. Current production score,48,19,29,0.3958333333333333,0.6333333333333333,23100
2,2025-09-08,A_current_success,A. Current success only,55,16,39,0.2909090909090909,0.5333333333333333,29100
2,2025-09-08,B_success_deterioration,B. Success + deterioration,55,23,32,0.41818181818181815,0.7666666666666667,24900
2,2025-09-08,C_current_production,C. Current production score,55,25,30,0.45454545454545453,0.8333333333333334,23700
2,2025-09-15,A_current_success,A. Current success only,55,19,36,0.34545454545454546,0.6333333333333333,27300
2,2025-09-15,B_success_deterioration,B. Success + deterioration,55,22,33,0.4,0.7333333333333333,25500
2,2025-09-15,C_current_production,C. Current production score,55,22,33,0.4,0.7333333333333333,25500
2,2025-09-22,A_current_success,A. Current success only,52,17,35,0.3269230769230769,0.5666666666666667,26700
2,2025-09-22,B_success_deterioration,B. Success + deterioration,52,19,33,0.36538461538461536,0.6333333333333333,25500
2,2025-09-22,C_current_production,C. Current production score,52,19,33,0.36538461538461536,0.6333333333333333,25500
2,2025-09-29,A_current_success,A. Current success only,52,20,32,0.38461538461538464,0.6666666666666666,24900
2,2025-09-29,B_success_deterioration,B. Success + deterioration,52,25,27,0.4807692307692308,0.8333333333333334,21900
2,2025-09-29,C_current_production,C. Current production score,52,23,29,0.4423076923076923,0.7666666666666667,23100
2,2025-10-06,A_current_success,A. Current success only,60,25,35,0.4166666666666667,0.8333333333333334,26700
2,2025-10-06,B_success_deterioration,B. Success + deterioration,60,24,36,0.4,0.8,27300
2,2025-10-06,C_current_production,C. Current production score,60,24,36,0.4,0.8,27300
2,2025-10-13,A_current_success,A. Current success only,66,23,43,0.3484848484848485,0.7666666666666667,31500
2,2025-10-13,B_success_deterioration,B. Success + deterioration,66,24,42,0.36363636363636365,0.8,30900
2,2025-10-13,C_current_production,C. Current production score,66,24,42,0.36363636363636365,0.8,30900
2,2025-10-20,A_current_success,A. Current success only,70,23,47,0.32857142857142857,0.7666666666666667,33900
2,2025-10-20,B_success_deterioration,B. Success + deterioration,70,25,45,0.35714285714285715,0.8333333333333334,32700
2,2025-10-20,C_current_production,C. Current production score,70,25,45,0.35714285714285715,0.8333333333333334,32700
2,2025-10-27,A_current_success,A. Current success only,77,27,50,0.35064935064935066,0.9,35700
2,2025-10-27,B_success_deterioration,B. Success + deterioration,77,25,52,0.3246753246753247,0.8333333333333334,36900
2,2025-10-27,C_current_production,C. Current production score,77,25,52,0.3246753246753247,0.8333333333333334,36900
2,2025-11-03,A_current_success,A. Current success only,80,28,52,0.35,0.9333333333333333,36900
2,2025-11-03,B_success_deterioration,B. Success + deterioration,80,25,55,0.3125,0.8333333333333334,38700
2,2025-11-03,C_current_production,C. Current production score,80,29,51,0.3625,0.9666666666666667,36300
2,2025-11-10,A_current_success,A. Current success only,74,22,52,0.2972972972972973,0.7333333333333333,36900
2,2025-11-10,B_success_deterioration,B. Success + deterioration,74,25,49,0.33783783783783783,0.8333333333333334,35100
2,2025-11-10,C_current_production,C. Current production score,74,22,52,0.2972972972972973,0.7333333333333333,36900
2,2025-11-17,A_current_success,A. Current success only,63,17,46,0.2698412698412698,0.5666666666666667,33300
2,2025-11-17,B_success_deterioration,B. Success + deterioration,63,23,40,0.36507936507936506,0.7666666666666667,29700
2,2025-11-17,C_current_production,C. Current production score,63,22,41,0.3492063492063492,0.7333333333333333,30300
2,2025-11-24,A_current_success,A. Current success only,60,21,39,0.35,0.7,29100
2,2025-11-24,B_success_deterioration,B. Success + deterioration,60,23,37,0.38333333333333336,0.7666666666666667,27900
2,2025-11-24,C_current_production,C. Current production score,60,23,37,0.38333333333333336,0.7666666666666667,27900
2,2025-12-01,A_current_success,A. Current success only,65,19,46,0.2923076923076923,0.6333333333333333,33300
2,2025-12-01,B_success_deterioration,B. Success + deterioration,65,22,43,0.3384615384615385,0.7333333333333333,31500
2,2025-12-01,C_current_production,C. Current production score,65,21,44,0.3230769230769231,0.7,32100
2,2025-12-08,A_current_success,A. Current success only,64,20,44,0.3125,0.6666666666666666,32100
2,2025-12-08,B_success_deterioration,B. Success + deterioration,64,22,42,0.34375,0.7333333333333333,30900
2,2025-12-08,C_current_production,C. Current production score,64,22,42,0.34375,0.7333333333333333,30900
2,2025-12-15,A_current_success,A. Current success only,60,18,42,0.3,0.6,30900
2,2025-12-15,B_success_deterioration,B. Success + deterioration,60,22,38,0.36666666666666664,0.7333333333333333,28500
2,2025-12-15,C_current_production,C. Current production score,60,20,40,0.3333333333333333,0.6666666666666666,29700
2,2025-12-22,A_current_success,A. Current success only,59,20,39,0.3389830508474576,0.6666666666666666,29100
2,2025-12-22,B_success_deterioration,B. Success + deterioration,59,23,36,0.3898305084745763,0.7666666666666667,27300
2,2025-12-22,C_current_production,C. Current production score,59,21,38,0.3559322033898305,0.7,28500
2,2025-12-29,A_current_success,A. Current success only,59,26,33,0.4406779661016949,0.8666666666666667,25500
2,2025-12-29,B_success_deterioration,B. Success + deterioration,59,26,33,0.4406779661016949,0.8666666666666667,25500
2,2025-12-29,C_current_production,C. Current production score,59,25,34,0.423728813559322,0.8333333333333334,26100
2,2026-01-05,A_current_success,A. Current success only,58,29,29,0.5,0.9666666666666667,23100
2,2026-01-05,B_success_deterioration,B. Success + deterioration,58,22,36,0.3793103448275862,0.7333333333333333,27300
2,2026-01-05,C_current_production,C. Current production score,58,24,34,0.41379310344827586,0.8,26100
2,2026-01-12,A_current_success,A. Current success only,54,27,27,0.5,0.9,21900
2,2026-01-12,B_success_deterioration,B. Success + deterioration,54,27,27,0.5,0.9,21900
2,2026-01-12,C_current_production,C. Current production score,54,28,26,0.5185185185185185,0.9333333333333333,21300
2,2026-01-19,A_current_success,A. Current success only,26,15,11,0.5769230769230769,0.5,12300
2,2026-01-19,B_success_deterioration,B. Success + deterioration,26,8,18,0.3076923076923077,0.26666666666666666,16500
2,2026-01-19,C_current_production,C. Current production score,26,9,17,0.34615384615384615,0.3,15900
3,2025-08-11,A_current_success,A. Current success only,89,31,58,0.34831460674157305,0.6888888888888889,40500
3,2025-08-11,B_success_deterioration,B. Success + deterioration,89,31,58,0.34831460674157305,0.6888888888888889,40500
3,2025-08-11,C_current_production,C. Current production score,89,34,55,0.38202247191011235,0.7555555555555555,38700
3,2025-08-18,A_current_success,A. Current success only,80,26,54,0.325,0.5777777777777777,38100
3,2025-08-18,B_success_deterioration,B. Success + deterioration,80,27,53,0.3375,0.6,37500
3,2025-08-18,C_current_production,C. Current production score,80,26,54,0.325,0.5777777777777777,38100
3,2025-08-25,A_current_success,A. Current success only,76,19,57,0.25,0.4222222222222222,39900
3,2025-08-25,B_success_deterioration,B. Success + deterioration,76,14,62,0.18421052631578946,0.3111111111111111,42900
3,2025-08-25,C_current_production,C. Current production score,76,15,61,0.19736842105263158,0.3333333333333333,42300
3,2025-09-01,A_current_success,A. Current success only,76,14,62,0.18421052631578946,0.3111111111111111,42900
3,2025-09-01,B_success_deterioration,B. Success + deterioration,76,26,50,0.34210526315789475,0.5777777777777777,35700
3,2025-09-01,C_current_production,C. Current production score,76,26,50,0.34210526315789475,0.5777777777777777,35700
3,2025-09-08,A_current_success,A. Current success only,82,20,62,0.24390243902439024,0.4444444444444444,42900
3,2025-09-08,B_success_deterioration,B. Success + deterioration,82,29,53,0.35365853658536583,0.6444444444444445,37500
3,2025-09-08,C_current_production,C. Current production score,82,32,50,0.3902439024390244,0.7111111111111111,35700
3,2025-09-15,A_current_success,A. Current success only,80,24,56,0.3,0.5333333333333333,39300
3,2025-09-15,B_success_deterioration,B. Success + deterioration,80,30,50,0.375,0.6666666666666666,35700
3,2025-09-15,C_current_production,C. Current production score,80,29,51,0.3625,0.6444444444444445,36300
3,2025-09-22,A_current_success,A. Current success only,79,23,56,0.2911392405063291,0.5111111111111111,39300
3,2025-09-22,B_success_deterioration,B. Success + deterioration,79,27,52,0.34177215189873417,0.6,36900
3,2025-09-22,C_current_production,C. Current production score,79,26,53,0.3291139240506329,0.5777777777777777,37500
3,2025-09-29,A_current_success,A. Current success only,85,28,57,0.32941176470588235,0.6222222222222222,39900
3,2025-09-29,B_success_deterioration,B. Success + deterioration,85,35,50,0.4117647058823529,0.7777777777777778,35700
3,2025-09-29,C_current_production,C. Current production score,85,33,52,0.38823529411764707,0.7333333333333333,36900
3,2025-10-06,A_current_success,A. Current success only,93,33,60,0.3548387096774194,0.7333333333333333,41700
3,2025-10-06,B_success_deterioration,B. Success + deterioration,93,31,62,0.3333333333333333,0.6888888888888889,42900
3,2025-10-06,C_current_production,C. Current production score,93,31,62,0.3333333333333333,0.6888888888888889,42900
3,2025-10-13,A_current_success,A. Current success only,103,32,71,0.3106796116504854,0.7111111111111111,48300
3,2025-10-13,B_success_deterioration,B. Success + deterioration,103,33,70,0.32038834951456313,0.7333333333333333,47700
3,2025-10-13,C_current_production,C. Current production score,103,33,70,0.32038834951456313,0.7333333333333333,47700
3,2025-10-20,A_current_success,A. Current success only,110,33,77,0.3,0.7333333333333333,51900
3,2025-10-20,B_success_deterioration,B. Success + deterioration,110,36,74,0.32727272727272727,0.8,50100
3,2025-10-20,C_current_production,C. Current production score,110,36,74,0.32727272727272727,0.8,50100
3,2025-10-27,A_current_success,A. Current success only,117,38,79,0.3247863247863248,0.8444444444444444,53100
3,2025-10-27,B_success_deterioration,B. Success + deterioration,117,34,83,0.2905982905982906,0.7555555555555555,55500
3,2025-10-27,C_current_production,C. Current production score,117,34,83,0.2905982905982906,0.7555555555555555,55500
3,2025-11-03,A_current_success,A. Current success only,114,34,80,0.2982456140350877,0.7555555555555555,53700
3,2025-11-03,B_success_deterioration,B. Success + deterioration,114,33,81,0.2894736842105263,0.7333333333333333,54300
3,2025-11-03,C_current_production,C. Current production score,114,38,76,0.3333333333333333,0.8444444444444444,51300
3,2025-11-10,A_current_success,A. Current success only,103,28,75,0.27184466019417475,0.6222222222222222,50700
3,2025-11-10,B_success_deterioration,B. Success + deterioration,103,32,71,0.3106796116504854,0.7111111111111111,48300
3,2025-11-10,C_current_production,C. Current production score,103,28,75,0.27184466019417475,0.6222222222222222,50700
3,2025-11-17,A_current_success,A. Current success only,94,22,72,0.23404255319148937,0.4888888888888889,48900
3,2025-11-17,B_success_deterioration,B. Success + deterioration,94,30,64,0.3191489361702128,0.6666666666666666,44100
3,2025-11-17,C_current_production,C. Current production score,94,28,66,0.2978723404255319,0.6222222222222222,45300
3,2025-11-24,A_current_success,A. Current success only,94,29,65,0.30851063829787234,0.6444444444444445,44700
3,2025-11-24,B_success_deterioration,B. Success + deterioration,94,31,63,0.32978723404255317,0.6888888888888889,43500
3,2025-11-24,C_current_production,C. Current production score,94,31,63,0.32978723404255317,0.6888888888888889,43500
3,2025-12-01,A_current_success,A. Current success only,95,25,70,0.2631578947368421,0.5555555555555556,47700
3,2025-12-01,B_success_deterioration,B. Success + deterioration,95,29,66,0.30526315789473685,0.6444444444444445,45300
3,2025-12-01,C_current_production,C. Current production score,95,26,69,0.2736842105263158,0.5777777777777777,47100
3,2025-12-08,A_current_success,A. Current success only,94,25,69,0.26595744680851063,0.5555555555555556,47100
3,2025-12-08,B_success_deterioration,B. Success + deterioration,94,28,66,0.2978723404255319,0.6222222222222222,45300
3,2025-12-08,C_current_production,C. Current production score,94,28,66,0.2978723404255319,0.6222222222222222,45300
3,2025-12-15,A_current_success,A. Current success only,89,24,65,0.2696629213483146,0.5333333333333333,44700
3,2025-12-15,B_success_deterioration,B. Success + deterioration,89,30,59,0.33707865168539325,0.6666666666666666,41100
3,2025-12-15,C_current_production,C. Current production score,89,27,62,0.30337078651685395,0.6,42900
3,2025-12-22,A_current_success,A. Current success only,89,29,60,0.3258426966292135,0.6444444444444445,41700
3,2025-12-22,B_success_deterioration,B. Success + deterioration,89,32,57,0.3595505617977528,0.7111111111111111,39900
3,2025-12-22,C_current_production,C. Current production score,89,29,60,0.3258426966292135,0.6444444444444445,41700
3,2025-12-29,A_current_success,A. Current success only,87,37,50,0.42528735632183906,0.8222222222222222,35700
3,2025-12-29,B_success_deterioration,B. Success + deterioration,87,38,49,0.4367816091954023,0.8444444444444444,35100
3,2025-12-29,C_current_production,C. Current production score,87,36,51,0.41379310344827586,0.8,36300
3,2026-01-05,A_current_success,A. Current success only,84,41,43,0.4880952380952381,0.9111111111111111,31500
3,2026-01-05,B_success_deterioration,B. Success + deterioration,84,32,52,0.38095238095238093,0.7111111111111111,36900
3,2026-01-05,C_current_production,C. Current production score,84,35,49,0.4166666666666667,0.7777777777777778,35100
3,2026-01-12,A_current_success,A. Current success only,54,27,27,0.5,0.6,21900
3,2026-01-12,B_success_deterioration,B. Success + deterioration,54,27,27,0.5,0.6,21900
3,2026-01-12,C_current_production,C. Current production score,54,28,26,0.5185185185185185,0.6222222222222222,21300
3,2026-01-19,A_current_success,A. Current success only,26,15,11,0.5769230769230769,0.3333333333333333,12300
3,2026-01-19,B_success_deterioration,B. Success + deterioration,26,8,18,0.3076923076923077,0.17777777777777778,16500
3,2026-01-19,C_current_production,C. Current production score,26,9,17,0.34615384615384615,0.2,15900
