decision_week,future_failure_events,simple_recall,simple_precision,simple_missed_failure_weeks,simple_total_cost,combined_recall,combined_precision,combined_missed_failure_weeks,combined_total_cost,cost_difference,horizon_weeks
2025-08-11,30,0.43333333333333335,0.8666666666666667,17,15900,0.43333333333333335,0.8666666666666667,17,15900,0,1
2025-08-18,31,0.41935483870967744,0.8666666666666667,18,16500,0.41935483870967744,0.8666666666666667,18,16500,0,1
2025-08-25,28,0.39285714285714285,0.7333333333333333,17,15900,0.2857142857142857,0.5333333333333333,20,17700,1800,1
2025-09-01,21,0.2857142857142857,0.4,15,14700,0.47619047619047616,0.6666666666666666,11,12300,-2400,1
2025-09-08,27,0.3333333333333333,0.6,18,16500,0.48148148148148145,0.8666666666666667,14,14100,-2400,1
2025-09-15,28,0.42857142857142855,0.8,16,15300,0.4642857142857143,0.8666666666666667,15,14700,-600,1
2025-09-22,27,0.37037037037037035,0.6666666666666666,17,15900,0.4074074074074074,0.7333333333333333,16,15300,-600,1
2025-09-29,25,0.4,0.6666666666666666,15,14700,0.48,0.8,13,13500,-1200,1
2025-10-06,27,0.5185185185185185,0.9333333333333333,13,13500,0.48148148148148145,0.8666666666666667,14,14100,600,1
2025-10-13,33,0.3939393939393939,0.8666666666666667,20,17700,0.42424242424242425,0.9333333333333333,19,17100,-600,1
2025-10-20,33,0.36363636363636365,0.8,21,18300,0.3939393939393939,0.8666666666666667,20,17700,-600,1
2025-10-27,37,0.3783783783783784,0.9333333333333333,23,19500,0.35135135135135137,0.8666666666666667,24,20100,600,1
2025-11-03,40,0.375,1.0,25,20700,0.375,1.0,25,20700,0,1
2025-11-10,40,0.35,0.9333333333333333,26,21300,0.325,0.8666666666666667,27,21900,600,1
2025-11-17,34,0.29411764705882354,0.6666666666666666,24,20100,0.38235294117647056,0.8666666666666667,21,18300,-1800,1
2025-11-24,29,0.4482758620689655,0.8666666666666667,16,15300,0.4827586206896552,0.9333333333333333,15,14700,-600,1
2025-12-01,31,0.3225806451612903,0.6666666666666666,21,18300,0.3870967741935484,0.8,19,17100,-1200,1
2025-12-08,34,0.35294117647058826,0.8,22,18900,0.35294117647058826,0.8,22,18900,0,1
2025-12-15,30,0.36666666666666664,0.7333333333333333,19,17100,0.36666666666666664,0.7333333333333333,19,17100,0,1
2025-12-22,30,0.36666666666666664,0.7333333333333333,19,17100,0.4,0.8,18,16500,-600,1
2025-12-29,29,0.4482758620689655,0.8666666666666667,16,15300,0.4482758620689655,0.8666666666666667,16,15300,0,1
2026-01-05,30,0.5,1.0,15,14700,0.4,0.8,18,16500,1800,1
2026-01-12,28,0.5,0.9333333333333333,14,14100,0.5357142857142857,1.0,13,13500,-600,1
2026-01-19,26,0.5769230769230769,1.0,11,12300,0.34615384615384615,0.6,17,15900,3600,1
2026-01-26,0,,0.0,0,5700,,0.0,0,5700,0,1
2025-08-11,61,0.39344262295081966,0.8,37,27900,0.4098360655737705,0.8333333333333334,36,27300,-600,2
2025-08-18,59,0.3728813559322034,0.7333333333333333,37,27900,0.3728813559322034,0.7333333333333333,37,27900,0,2
2025-08-25,49,0.32653061224489793,0.5333333333333333,33,25500,0.24489795918367346,0.4,37,27900,2400,2
2025-09-01,48,0.20833333333333334,0.3333333333333333,38,28500,0.3958333333333333,0.6333333333333333,29,23100,-5400,2
2025-09-08,55,0.2909090909090909,0.5333333333333333,39,29100,0.45454545454545453,0.8333333333333334,30,23700,-5400,2
2025-09-15,55,0.34545454545454546,0.6333333333333333,36,27300,0.4,0.7333333333333333,33,25500,-1800,2
2025-09-22,52,0.3269230769230769,0.5666666666666667,35,26700,0.36538461538461536,0.6333333333333333,33,25500,-1200,2
2025-09-29,52,0.38461538461538464,0.6666666666666666,32,24900,0.4423076923076923,0.7666666666666667,29,23100,-1800,2
2025-10-06,60,0.4166666666666667,0.8333333333333334,35,26700,0.4,0.8,36,27300,600,2
2025-10-13,66,0.3484848484848485,0.7666666666666667,43,31500,0.36363636363636365,0.8,42,30900,-600,2
2025-10-20,70,0.32857142857142857,0.7666666666666667,47,33900,0.35714285714285715,0.8333333333333334,45,32700,-1200,2
2025-10-27,77,0.35064935064935066,0.9,50,35700,0.3246753246753247,0.8333333333333334,52,36900,1200,2
2025-11-03,80,0.35,0.9333333333333333,52,36900,0.3625,0.9666666666666667,51,36300,-600,2
2025-11-10,74,0.2972972972972973,0.7333333333333333,52,36900,0.2972972972972973,0.7333333333333333,52,36900,0,2
2025-11-17,63,0.2698412698412698,0.5666666666666667,46,33300,0.3492063492063492,0.7333333333333333,41,30300,-3000,2
2025-11-24,60,0.35,0.7,39,29100,0.38333333333333336,0.7666666666666667,37,27900,-1200,2
2025-12-01,65,0.2923076923076923,0.6333333333333333,46,33300,0.3230769230769231,0.7,44,32100,-1200,2
2025-12-08,64,0.3125,0.6666666666666666,44,32100,0.34375,0.7333333333333333,42,30900,-1200,2
2025-12-15,60,0.3,0.6,42,30900,0.3333333333333333,0.6666666666666666,40,29700,-1200,2
2025-12-22,59,0.3389830508474576,0.6666666666666666,39,29100,0.3559322033898305,0.7,38,28500,-600,2
2025-12-29,59,0.4406779661016949,0.8666666666666667,33,25500,0.423728813559322,0.8333333333333334,34,26100,600,2
2026-01-05,58,0.5,0.9666666666666667,29,23100,0.41379310344827586,0.8,34,26100,3000,2
2026-01-12,54,0.5,0.9,27,21900,0.5185185185185185,0.9333333333333333,26,21300,-600,2
2026-01-19,26,0.5769230769230769,0.5,11,12300,0.34615384615384615,0.3,17,15900,3600,2
2026-01-26,0,,0.0,0,5700,,0.0,0,5700,0,2
2025-08-11,89,0.34831460674157305,0.6888888888888889,58,40500,0.38202247191011235,0.7555555555555555,55,38700,-1800,3
2025-08-18,80,0.325,0.5777777777777777,54,38100,0.325,0.5777777777777777,54,38100,0,3
2025-08-25,76,0.25,0.4222222222222222,57,39900,0.19736842105263158,0.3333333333333333,61,42300,2400,3
2025-09-01,76,0.18421052631578946,0.3111111111111111,62,42900,0.34210526315789475,0.5777777777777777,50,35700,-7200,3
2025-09-08,82,0.24390243902439024,0.4444444444444444,62,42900,0.3902439024390244,0.7111111111111111,50,35700,-7200,3
2025-09-15,80,0.3,0.5333333333333333,56,39300,0.3625,0.6444444444444445,51,36300,-3000,3
2025-09-22,79,0.2911392405063291,0.5111111111111111,56,39300,0.3291139240506329,0.5777777777777777,53,37500,-1800,3
2025-09-29,85,0.32941176470588235,0.6222222222222222,57,39900,0.38823529411764707,0.7333333333333333,52,36900,-3000,3
2025-10-06,93,0.3548387096774194,0.7333333333333333,60,41700,0.3333333333333333,0.6888888888888889,62,42900,1200,3
2025-10-13,103,0.3106796116504854,0.7111111111111111,71,48300,0.32038834951456313,0.7333333333333333,70,47700,-600,3
2025-10-20,110,0.3,0.7333333333333333,77,51900,0.32727272727272727,0.8,74,50100,-1800,3
2025-10-27,117,0.3247863247863248,0.8444444444444444,79,53100,0.2905982905982906,0.7555555555555555,83,55500,2400,3
2025-11-03,114,0.2982456140350877,0.7555555555555555,80,53700,0.3333333333333333,0.8444444444444444,76,51300,-2400,3
2025-11-10,103,0.27184466019417475,0.6222222222222222,75,50700,0.27184466019417475,0.6222222222222222,75,50700,0,3
2025-11-17,94,0.23404255319148937,0.4888888888888889,72,48900,0.2978723404255319,0.6222222222222222,66,45300,-3600,3
2025-11-24,94,0.30851063829787234,0.6444444444444445,65,44700,0.32978723404255317,0.6888888888888889,63,43500,-1200,3
2025-12-01,95,0.2631578947368421,0.5555555555555556,70,47700,0.2736842105263158,0.5777777777777777,69,47100,-600,3
2025-12-08,94,0.26595744680851063,0.5555555555555556,69,47100,0.2978723404255319,0.6222222222222222,66,45300,-1800,3
2025-12-15,89,0.2696629213483146,0.5333333333333333,65,44700,0.30337078651685395,0.6,62,42900,-1800,3
2025-12-22,89,0.3258426966292135,0.6444444444444445,60,41700,0.3258426966292135,0.6444444444444445,60,41700,0,3
2025-12-29,87,0.42528735632183906,0.8222222222222222,50,35700,0.41379310344827586,0.8,51,36300,600,3
2026-01-05,84,0.4880952380952381,0.9111111111111111,43,31500,0.4166666666666667,0.7777777777777778,49,35100,3600,3
2026-01-12,54,0.5,0.6,27,21900,0.5185185185185185,0.6222222222222222,26,21300,-600,3
2026-01-19,26,0.5769230769230769,0.3333333333333333,11,12300,0.34615384615384615,0.2,17,15900,3600,3
2026-01-26,0,,0.0,0,5700,,0.0,0,5700,0,3
